{"cameraMode":{"drawMode":0,"name":"Shaded","section":"Shading Mode"},"sceneLighting":true,"audioPlay":false,"sceneViewState":{"m_AlwaysRefresh":false,"showFog":true,"showSkybox":true,"showFlares":true,"showImageEffects":true,"showParticleSystems":true,"showVisualEffectGraphs":true,"m_FxEnabled":true},"in2DMode":false,"pivot":{"x":-26.743513107299806,"y":0.33402642607688906,"z":10.44747257232666},"rotation":{"x":-0.05208646506071091,"y":0.4932206869125366,"z":-0.029146861284971238,"w":-0.8681465983390808},"size":17.423219680786134,"orthographic":false}